       PGC , G , Nest_10Mpc ,    1PGC ,  N ,   SGX ,   SGY ,   SGZ ,    D ,  Vls ,  logLK ,   Mass ,   r2t
1000042407 , 2 ,      42407 ,       0 ,  4 , -5.54 ,  7.43 , -1.09 , 9.33 ,  743 , 11.253 , 8.8254 , 0.544
     42407 , 1 ,      42407 ,   42407 ,  4 , -5.54 ,  7.43 , -1.09 , 9.33 ,  835 , 11.252 , 8.7629 , 0.543
     43851 , 1 ,      42407 ,   43851 ,  4 , -5.64 ,  7.21 , -0.56 , 9.17 ,  643 ,  8.437 , 0.0531 , 0.099
   3097708 , 1 ,      42407 , 3097708 ,  4 , -5.40 ,  8.04 , -1.11 , 9.75 ,  925 ,  7.770 , 0.0246 , 0.077
     42120 , 1 ,      42407 ,   42407 ,  4 , -5.64 ,  7.93 , -1.20 , 9.80 ,  570 ,  7.655 , 0.0216 , 0.073
1000012209 , 2 ,      12209 ,       0 ,  2 , -1.70 , -7.06 , -5.45 , 9.08 ,  632 , 10.949 , 3.9457 , 0.416
     12209 , 1 ,      12209 ,   12209 ,  2 , -1.70 , -7.06 , -5.45 , 9.08 ,  693 , 10.948 , 3.9596 , 0.417
     11842 , 1 ,      12209 ,   12209 ,  2 , -1.56 , -7.41 , -5.45 , 9.33 ,  571 ,  8.012 , 0.0324 , 0.084
1000047404 , 2 ,      47404 ,       0 ,  3 ,  2.64 ,  7.73 ,  2.55 , 8.56 ,  533 , 10.939 , 3.8446 , 0.413
     47404 , 1 ,      47404 ,   47404 ,  3 ,  2.64 ,  7.73 ,  2.55 , 8.56 ,  570 , 10.937 , 3.8561 , 0.413
     47788 , 1 ,      47404 ,   47404 ,  3 ,  2.85 ,  8.02 ,  2.78 , 8.95 ,  471 ,  8.536 , 0.0596 , 0.103
   4003791 , 1 ,      47404 ,   47404 ,  3 ,  2.74 ,  7.43 ,  2.80 , 8.40 ,  558 ,  7.601 , 0.0202 , 0.072
1000062836 , 2 ,      62836 ,       0 ,  2 , -8.12 , -4.34 ,  1.69 , 9.36 ,  654 , 10.896 , 3.4286 , 0.397
     62836 , 1 ,      62836 ,   62836 ,  2 , -8.12 , -4.34 ,  1.69 , 9.36 ,  691 , 10.895 , 3.3779 , 0.395
     62869 , 1 ,      62836 ,   62836 ,  2 , -8.42 , -4.53 ,  1.69 , 9.71 ,  617 ,  8.286 , 0.0447 , 0.093
1000039600 , 2 ,      39600 ,       0 ,  8 ,  2.75 ,  7.09 ,  0.74 , 7.64 ,  487 , 10.907 , 3.5326 , 0.401
     39600 , 1 ,      39600 ,   39600 ,  8 ,  2.76 ,  7.10 ,  0.74 , 7.65 ,  524 , 10.879 , 3.2897 , 0.392
     39423 , 1 ,      39600 ,   39600 ,  8 ,  2.56 ,  7.15 ,  0.64 , 7.62 ,  581 ,  9.436 , 0.1782 , 0.148
     39918 , 1 ,      39600 ,   39600 ,  8 ,  2.45 ,  6.83 ,  0.70 , 7.29 ,  532 ,  8.717 , 0.0733 , 0.110
     39615 , 1 ,      39600 ,   39615 ,  8 ,  2.61 ,  6.77 ,  0.70 , 7.29 ,  207 ,  8.397 , 0.0507 , 0.097
     41239 , 1 ,      39600 ,   39600 ,  8 ,  2.58 ,  6.72 ,  0.93 , 7.26 ,  466 ,  8.354 , 0.0479 , 0.096
    166127 , 1 ,      39600 ,   39600 ,  8 ,  2.77 ,  6.97 ,  0.75 , 7.54 , 9999 ,  7.347 , 0.0151 , 0.065
     39461 , 1 ,      39600 ,   39600 ,  8 ,  2.58 ,  6.59 ,  0.67 , 7.11 ,  560 ,  8.776 , 0.0786 , 0.113
     39461 , 1 ,      39600 ,   39600 ,  8 ,  2.64 ,  6.73 ,  0.68 , 7.26 ,  560 ,  8.794 , 0.0795 , 0.113
1000065001 , 2 ,      65001 ,       0 ,  2 ,  5.21 ,  0.92 ,  4.76 , 7.12 ,  392 , 10.858 , 3.1012 , 0.384
     65001 , 1 ,      65001 ,   65001 ,  2 ,  5.21 ,  0.92 ,  4.76 , 7.12 ,  350 , 10.857 , 3.1200 , 0.385
     64824 , 1 ,      65001 ,   65001 ,  2 ,  5.21 ,  1.00 ,  4.79 , 7.15 ,  435 ,  8.101 , 0.0359 , 0.087
1000050063 , 2 ,      50063 ,       0 ,  4 ,  2.73 ,  5.51 ,  2.56 , 6.66 ,  438 , 10.771 , 2.4644 , 0.356
     50063 , 1 ,      50063 ,   50063 ,  4 ,  2.73 ,  5.50 ,  2.56 , 6.65 ,  398 , 10.758 , 2.3941 , 0.352
     50216 , 1 ,      50063 ,   50063 ,  4 ,  2.79 ,  5.80 ,  2.72 , 6.99 ,  425 ,  9.201 , 0.1292 , 0.133
     50262 , 1 ,      50063 ,   50063 ,  4 ,  2.79 ,  5.58 ,  2.64 , 6.77 ,  465 ,  8.254 , 0.0427 , 0.092
   5067392 , 1 ,      50063 ,       0 ,  4 ,  2.63 ,  5.44 ,  2.59 , 6.57 , 9999 ,  6.908 , 0.0091 , 0.055
1000032007 , 2 ,      32007 ,       0 ,  5 , -0.59 ,  8.68 , -4.33 , 9.72 ,  602 , 10.888 , 3.3635 , 0.395
     32007 , 1 ,      32007 ,   32256 ,  5 , -0.63 ,  8.85 , -4.53 , 9.96 ,  638 , 10.629 , 1.6972 , 0.314
     32292 , 1 ,      32007 ,   32256 ,  5 , -0.54 ,  8.48 , -4.09 , 9.43 ,  569 , 10.541 , 1.3499 , 0.291
    166107 , 1 ,      32007 ,   32256 ,  5 , -0.63 ,  8.66 , -4.12 , 9.61 , 9999 ,  7.637 , 0.0211 , 0.073
     83339 , 1 ,      32007 ,   32256 ,  5 , -0.47 ,  8.66 , -4.21 , 9.64 ,  699 ,  7.280 , 0.0140 , 0.063
   4689210 , 1 ,      32007 ,   32256 ,  5 , -0.52 ,  8.82 , -4.31 , 9.83 ,  505 ,  6.697 , 0.0072 , 0.051
1000043495 , 2 ,      43495 ,       0 ,  5 ,  1.05 ,  4.20 ,  0.70 , 4.39 ,  353 , 10.618 , 1.6462 , 0.311
     43495 , 1 ,      43495 ,   43495 ,  5 ,  1.03 ,  4.22 ,  0.73 , 4.40 ,  368 , 10.561 , 1.4187 , 0.296
     40973 , 1 ,      43495 ,   43495 ,  5 ,  1.29 ,  4.03 ,  0.46 , 4.26 ,  271 ,  9.651 , 0.2427 , 0.164
     45314 , 1 ,      43495 ,   43495 ,  5 ,  0.71 ,  4.19 ,  0.87 , 4.34 ,  372 ,  8.707 , 0.0725 , 0.110
     42656 , 1 ,      43495 ,   43495 ,  5 ,  0.91 ,  4.45 ,  0.58 , 4.58 ,  393 ,  8.194 , 0.0398 , 0.090
    166142 , 1 ,      43495 ,   43495 ,  5 ,  1.22 ,  4.10 ,  0.66 , 4.33 ,  362 ,  6.585 , 0.0062 , 0.048
1000013826 , 2 ,      13826 ,       0 ,  6 ,  3.34 ,  0.63 ,  0.00 , 3.40 ,  199 , 10.581 , 1.4946 , 0.301
     13826 , 1 ,      13826 ,   13826 ,  6 ,  3.37 ,  0.63 ,  0.02 , 3.43 ,  256 , 10.543 , 1.3499 , 0.291
     15345 , 1 ,      13826 ,   13826 ,  6 ,  3.11 ,  0.66 , -0.27 , 3.19 ,   99 ,  9.320 , 0.1511 , 0.140
     14241 , 1 ,      13826 ,   13826 ,  6 ,  2.93 ,  0.56 , -0.06 , 2.98 ,  291 ,  8.980 , 0.0989 , 0.122
     15439 , 1 ,      13826 ,   13826 ,  6 ,  3.14 ,  0.63 , -0.34 , 3.22 ,  104 ,  7.928 , 0.0295 , 0.081
    166082 , 1 ,      13826 ,   13826 ,  6 ,  3.42 ,  0.99 ,  0.12 , 3.56 ,  169 ,  7.775 , 0.0246 , 0.077
    166084 , 1 ,      13826 ,  166084 ,  6 ,  3.36 ,  0.90 , -0.26 , 3.49 ,  279 ,  7.038 , 0.0106 , 0.058
1000042637 , 2 ,      42637 ,       0 ,  3 ,  0.74 ,  7.23 ,  0.73 , 7.30 ,  643 , 10.488 , 1.1910 , 0.279
     42637 , 1 ,      42637 ,   42637 ,  3 ,  0.74 ,  7.27 ,  0.73 , 7.34 ,  625 , 10.443 , 1.0625 , 0.269
     42620 , 1 ,      42637 ,   42637 ,  3 ,  0.70 ,  6.86 ,  0.69 , 6.93 ,  556 ,  9.473 , 0.1859 , 0.150
   2832120 , 1 ,      42637 ,   42637 ,  3 ,  0.74 ,  7.52 ,  0.79 , 7.60 ,  749 ,  7.794 , 0.0251 , 0.077
1000041618 , 2 ,      41618 ,       0 ,  2 , -3.49 ,  7.54 , -0.77 , 8.34 ,  790 , 10.235 , 0.6797 , 0.232
     41618 , 1 ,      41618 ,   41618 ,  2 , -3.49 ,  7.54 , -0.77 , 8.34 ,  979 , 10.234 , 0.6725 , 0.231
     41667 , 1 ,      41618 ,   41667 ,  2 , -3.47 ,  7.29 , -0.76 , 8.11 ,  601 ,  7.530 , 0.0186 , 0.070
1000060921 , 2 ,      60921 ,       0 ,  2 ,  4.31 ,  2.82 ,  3.56 , 6.26 ,  494 ,  9.985 , 0.4219 , 0.197
     60921 , 1 ,      60921 ,   60921 ,  2 ,  4.31 ,  2.82 ,  3.56 , 6.26 ,  293 ,  9.985 , 0.4254 , 0.198
   4689184 , 1 ,      60921 ,       0 ,  2 ,  4.46 ,  2.88 ,  3.68 , 6.46 ,  695 ,  6.452 , 0.0054 , 0.046
1000042863 , 2 ,      42863 ,       0 ,  2 ,  0.73 ,  7.88 ,  0.83 , 7.96 ,  622 ,  9.952 , 0.3979 , 0.194
     42863 , 1 ,      42863 ,   42637 ,  2 ,  0.73 ,  7.88 ,  0.83 , 7.96 ,  661 ,  9.914 , 0.3698 , 0.189
   5074576 , 1 ,      42863 ,   42637 ,  2 ,  0.75 ,  7.90 ,  0.85 , 7.98 ,  583 ,  8.876 , 0.0881 , 0.117
1000073049 , 2 ,      73049 ,       0 ,  2 , -0.56 , -3.68 ,  0.20 , 3.73 ,  259 ,  9.696 , 0.2607 , 0.168
     73049 , 1 ,      73049 ,   73049 ,  2 , -0.56 , -3.68 ,  0.20 , 3.73 ,  235 ,  9.695 , 0.2623 , 0.169
    704814 , 1 ,      73049 ,       0 ,  2 , -0.48 , -3.62 ,  0.21 , 3.66 ,  283 ,  6.919 , 0.0092 , 0.055
1000046957 , 2 ,      46957 ,       0 , 29 , -3.39 ,  1.15 , -0.43 , 3.61 ,  230 , 11.093 , 5.7782 , 0.473
     46957 , 1 ,      46957 ,   46957 , 29 , -3.45 ,  1.27 , -0.34 , 3.69 ,  298 , 10.886 , 3.3779 , 0.395
     45279 , 1 ,      46957 ,   46957 , 29 , -3.30 ,  0.87 , -0.62 , 3.47 ,  297 , 10.593 , 1.5305 , 0.303
     46674 , 1 ,      46957 ,   46674 , 29 , -3.27 ,  1.64 , -0.26 , 3.67 ,  230 ,  9.681 , 0.2542 , 0.167
   9000000 , 1 ,      46957 ,       0 , 29 , -3.53 ,  1.23 , -0.45 , 3.77 , 9999 ,  6.065 , 0.0034 , 0.040
   5509264 , 1 ,      46957 ,       0 , 29 , -3.55 ,  1.40 , -0.40 , 3.84 , 9999 ,  5.641 , 0.0021 , 0.034
   5072214 , 1 ,      46957 ,       0 , 29 , -3.53 ,  1.36 , -0.27 , 3.79 , 9999 ,  6.069 , 0.0035 , 0.040
   5509266 , 1 ,      46957 ,       0 , 29 , -3.42 ,  1.22 , -0.33 , 3.65 , 9999 ,  6.157 , 0.0038 , 0.041
   5509265 , 1 ,      46957 ,       0 , 29 , -3.30 ,  1.34 , -0.29 , 3.57 , 9999 ,  6.217 , 0.0041 , 0.042
    166167 , 1 ,      46957 ,   46957 , 29 , -3.58 ,  1.16 , -0.37 , 3.78 ,   54 ,  6.507 , 0.0058 , 0.047
    166179 , 1 ,      46957 ,   46957 , 29 , -3.67 ,  1.00 , -0.17 , 3.81 ,  264 ,  6.714 , 0.0072 , 0.051
   5509263 , 1 ,      46957 ,       0 , 29 , -3.68 ,  1.45 , -0.37 , 3.97 , 9999 ,  6.910 , 0.0091 , 0.055
     45104 , 1 ,      46957 ,   46957 , 29 , -2.96 ,  0.95 , -0.54 , 3.16 ,  478 ,  6.949 , 0.0096 , 0.056
     46663 , 1 ,      46957 ,   46957 , 29 , -3.73 ,  1.25 , -0.45 , 3.96 ,  487 ,  7.107 , 0.0115 , 0.059
    166175 , 1 ,      46957 ,   46957 , 29 , -3.34 ,  0.99 , -0.16 , 3.49 , 9999 ,  7.198 , 0.0127 , 0.061
   2815823 , 1 ,      46957 ,   46957 , 29 , -3.60 ,  1.29 , -0.15 , 3.83 ,  272 ,  7.278 , 0.0140 , 0.063
   4689187 , 1 ,      46957 ,   46957 , 29 , -3.54 ,  0.93 , -0.19 , 3.67 , 9999 ,  7.319 , 0.0146 , 0.064
    166172 , 1 ,      46957 ,   46957 , 29 , -3.56 ,  1.19 , -0.15 , 3.76 , 9999 ,  7.502 , 0.0180 , 0.069
   5509262 , 1 ,      46957 ,       0 , 29 , -3.37 ,  1.28 , -0.26 , 3.61 , 9999 ,  7.667 , 0.0219 , 0.074
     48515 , 1 ,      46957 ,   46957 , 29 , -3.51 ,  1.09 , -0.20 , 3.68 ,  356 ,  7.724 , 0.0232 , 0.075
   2815822 , 1 ,      46957 ,   46957 , 29 , -3.58 ,  1.35 , -0.38 , 3.84 ,  300 ,  7.803 , 0.0254 , 0.077
     48738 , 1 ,      46957 ,   46957 , 29 , -3.19 ,  1.17 , -0.09 , 3.40 ,  308 ,  7.855 , 0.0269 , 0.079
   5072213 , 1 ,      46957 ,       0 , 29 , -3.28 ,  1.26 , -0.25 , 3.52 , 9999 ,  7.925 , 0.0295 , 0.081
     45917 , 1 ,      46957 ,   46957 , 29 , -3.47 ,  1.31 , -0.49 , 3.74 ,  391 ,  7.978 , 0.0313 , 0.083
     46680 , 1 ,      46957 ,   46957 , 29 , -3.57 ,  1.36 , -0.38 , 3.84 ,  393 ,  8.081 , 0.0351 , 0.086
     47171 , 1 ,      46957 ,   46957 , 29 , -3.51 ,  1.39 , -0.29 , 3.79 ,  269 ,  8.309 , 0.0457 , 0.094
     48139 , 1 ,      46957 ,   46957 , 29 , -3.12 ,  1.12 , -0.18 , 3.32 ,  119 ,  8.394 , 0.0501 , 0.097
     45916 , 1 ,      46957 ,   46957 , 29 , -3.50 ,  1.21 , -0.51 , 3.74 ,  526 ,  8.418 , 0.0519 , 0.098
     45717 , 1 ,      46957 ,   46957 , 29 , -3.53 ,  1.09 , -0.57 , 3.74 ,  137 ,  8.858 , 0.0861 , 0.116
     47762 , 1 ,      46957 ,   46957 , 29 , -3.08 ,  0.82 , -0.30 , 3.20 ,  275 ,  8.922 , 0.0923 , 0.119
1000002557 , 2 ,       2557 ,       0 , 38 ,  0.70 , -0.31 ,  0.16 , 0.78 ,  -22 , 10.743 , 2.2895 , 0.347
      2557 , 1 ,       2557 ,    2557 , 38 ,  0.69 , -0.30 ,  0.17 , 0.77 ,  -31 , 10.685 , 1.9371 , 0.328
      5818 , 1 ,       2557 ,    2557 , 38 ,  0.80 , -0.49 ,  0.00 , 0.94 ,   37 ,  9.618 , 0.2318 , 0.162
   5056920 , 1 ,       2557 ,    2557 , 38 ,  0.70 , -0.42 ,  0.27 , 0.86 , -182 ,  5.301 , 0.0014 , 0.030
   5057229 , 1 ,       2557 ,    2557 , 38 ,  0.76 , -0.24 ,  0.24 , 0.83 ,   22 ,  5.070 , 0.0011 , 0.027
   5056923 , 1 ,       2557 ,    2557 , 38 ,  0.61 , -0.37 ,  0.13 , 0.73 , -167 ,  5.399 , 0.0016 , 0.031
   5057232 , 1 ,       2557 ,    2557 , 38 ,  0.82 , -0.56 ,  0.01 , 0.99 ,   85 ,  5.463 , 0.0017 , 0.032
   5056924 , 1 ,       2557 ,    2557 , 38 ,  0.79 , -0.46 ,  0.17 , 0.93 , -304 ,  5.569 , 0.0020 , 0.033
   5056925 , 1 ,       2557 ,    2557 , 38 ,  0.71 , -0.44 ,  0.13 , 0.85 ,   52 ,  5.641 , 0.0021 , 0.034
   5056921 , 1 ,       2557 ,    2557 , 38 ,  0.69 , -0.24 ,  0.12 , 0.74 ,   98 ,  5.690 , 0.0022 , 0.034
   5057230 , 1 ,       2557 ,    2557 , 38 ,  0.76 , -0.27 ,  0.20 , 0.83 , -264 ,  5.870 , 0.0028 , 0.037
   5065056 , 1 ,       2557 ,    2557 , 38 ,  0.63 , -0.18 ,  0.17 , 0.68 ,  141 ,  5.897 , 0.0029 , 0.037
   4608690 , 1 ,       2557 ,    2557 , 38 ,  0.80 , -0.30 ,  0.21 , 0.88 ,   23 ,  5.921 , 0.0029 , 0.038
      3792 , 1 ,       2557 ,    2557 , 38 ,  0.48 , -0.43 ,  0.04 , 0.65 ,  -76 ,  5.938 , 0.0030 , 0.038
   5057227 , 1 ,       2557 ,    2557 , 38 ,  0.78 , -0.24 ,  0.10 , 0.82 ,  130 ,  5.980 , 0.0031 , 0.039
   5060429 , 1 ,       2557 ,    2557 , 38 ,  0.42 , -0.30 ,  0.41 , 0.66 ,  -31 ,  6.031 , 0.0033 , 0.039
   5060430 , 1 ,       2557 ,    2557 , 38 ,  0.62 , -0.45 ,  0.28 , 0.82 ,   74 ,  6.060 , 0.0034 , 0.040
   5056919 , 1 ,       2557 ,    2557 , 38 ,  0.68 , -0.40 ,  0.23 , 0.82 ,  156 ,  6.140 , 0.0038 , 0.041
   5056927 , 1 ,       2557 ,    2557 , 38 ,  0.40 , -0.25 ,  0.06 , 0.48 , -144 ,  6.154 , 0.0038 , 0.041
   4689222 , 1 ,       2557 ,    2557 , 38 ,  0.68 , -0.27 ,  0.14 , 0.74 ,   50 ,  6.170 , 0.0039 , 0.041
   5056922 , 1 ,       2557 ,    2557 , 38 ,  0.71 , -0.50 ,  0.13 , 0.88 , -241 ,  6.201 , 0.0040 , 0.042
   5056926 , 1 ,       2557 ,    2557 , 38 ,  0.57 , -0.27 ,  0.07 , 0.63 ,  -78 ,  6.271 , 0.0043 , 0.043
   5057231 , 1 ,       2557 ,    2557 , 38 ,  0.70 , -0.30 ,  0.30 , 0.82 ,  -70 ,  6.300 , 0.0045 , 0.044
   5057228 , 1 ,       2557 ,    2557 , 38 ,  0.73 , -0.24 ,  0.22 , 0.80 ,  173 ,  6.358 , 0.0048 , 0.045
   3097824 , 1 ,       2557 ,    2557 , 38 ,  0.73 , -0.22 ,  0.12 , 0.77 , -139 ,  6.565 , 0.0062 , 0.048
      4601 , 1 ,       2557 ,    2557 , 38 ,  0.56 , -0.32 ,  0.05 , 0.65 ,   40 ,  6.618 , 0.0065 , 0.049
      2121 , 1 ,       2557 ,    2557 , 38 ,  0.64 , -0.35 ,  0.17 , 0.75 ,  -83 ,  6.662 , 0.0068 , 0.050
   5057226 , 1 ,       2557 ,    2557 , 38 ,  0.76 , -0.34 ,  0.05 , 0.83 ,    0 ,  6.670 , 0.0069 , 0.050
   5067061 , 1 ,       2557 , 5067061 , 38 ,  0.78 , -0.20 , -0.17 , 0.82 , -139 ,  6.820 , 0.0082 , 0.053
   2807158 , 1 ,       2557 ,    2557 , 38 ,  0.54 , -0.50 ,  0.27 , 0.78 ,  -98 ,  7.176 , 0.0124 , 0.061
      2666 , 1 ,       2557 ,    2557 , 38 ,  0.65 , -0.33 ,  0.15 , 0.74 , -115 ,  7.210 , 0.0130 , 0.062
   5065677 , 1 ,       2557 ,    2557 , 38 ,  0.65 , -0.29 ,  0.45 , 0.84 ,  107 ,  7.401 , 0.0160 , 0.066
   5065678 , 1 ,       2557 ,    2557 , 38 ,  0.78 , -0.19 ,  0.22 , 0.83 ,  -89 ,  7.590 , 0.0200 , 0.071
   2807155 , 1 ,       2557 ,    2557 , 38 ,  0.72 , -0.18 ,  0.36 , 0.82 ,   -2 ,  7.630 , 0.0209 , 0.073
      2004 , 1 ,       2557 ,    2557 , 38 ,  0.69 , -0.21 ,  0.20 , 0.75 ,   88 ,  8.182 , 0.0394 , 0.090
      2329 , 1 ,       2557 ,    2557 , 38 ,  0.61 , -0.18 ,  0.16 , 0.66 ,   79 ,  8.311 , 0.0457 , 0.094
      1305 , 1 ,       2557 ,    2557 , 38 ,  0.75 , -0.07 ,  0.24 , 0.79 ,  -55 ,  8.507 , 0.0576 , 0.102
      2429 , 1 ,       2557 ,    2557 , 38 ,  0.71 , -0.31 ,  0.18 , 0.80 ,   28 ,  8.878 , 0.0881 , 0.117
      2555 , 1 ,       2557 ,    2557 , 38 ,  0.70 , -0.32 ,  0.17 , 0.79 ,   67 ,  9.067 , 0.1100 , 0.126
1000012286 , 2 ,      12286 ,       0 ,  2 , -2.55 , -2.83 , -2.04 , 4.32 ,  283 ,  9.544 , 0.2071 , 0.156
     12286 , 1 ,      12286 ,   12286 ,  2 , -2.55 , -2.83 , -2.04 , 4.32 ,  253 ,  9.543 , 0.2058 , 0.155
    166073 , 1 ,      12286 ,   12286 ,  2 , -2.49 , -2.76 , -2.02 , 4.23 ,  314 ,  7.045 , 0.0106 , 0.058
1000002789 , 2 ,       2789 ,       0 ,  6 ,  0.11 , -3.68 , -0.32 , 3.70 ,  269 , 10.944 , 3.8983 , 0.414
      2789 , 1 ,       2789 ,    2789 ,  6 ,  0.10 , -3.68 , -0.32 , 3.70 ,  261 , 10.928 , 3.7553 , 0.409
      2758 , 1 ,       2789 ,    2789 ,  6 ,  0.38 , -3.68 , -0.24 , 3.71 ,  198 ,  9.491 , 0.1914 , 0.152
      2933 , 1 ,       2789 ,    2933 ,  6 ,  0.44 , -3.59 , -0.27 , 3.63 ,  272 ,  6.832 , 0.0083 , 0.053
   6740710 , 1 ,       2789 ,       0 ,  6 ,  0.25 , -3.59 , -0.39 , 3.62 ,  275 ,  6.149 , 0.0038 , 0.041
      2881 , 1 ,       2789 ,    2881 ,  6 ,  0.54 , -3.55 , -0.22 , 3.60 ,  277 ,  6.865 , 0.0086 , 0.054
      2902 , 1 ,       2789 ,    2789 ,  6 ,  0.35 , -3.40 , -0.26 , 3.43 ,  331 ,  7.063 , 0.0108 , 0.058
1000001014 , 2 ,       1014 ,       0 ,  3 , -0.44 , -2.04 , -0.21 , 2.10 ,   83 ,  9.740 , 0.2793 , 0.172
      1014 , 1 ,       1014 ,    1014 ,  3 , -0.50 , -2.05 , -0.09 , 2.11 ,   95 ,  9.481 , 0.1886 , 0.151
      3238 , 1 ,       1014 ,    3238 ,  3 , -0.37 , -2.03 , -0.35 , 2.09 ,  101 ,  9.392 , 0.1662 , 0.145
      1641 , 1 ,       1014 ,    1014 ,  3 , -0.54 , -1.95 , -0.19 , 2.03 ,   55 ,  6.287 , 0.0045 , 0.043
1000006595 , 2 ,       6595 ,       0 ,  2 ,  6.05 , -4.02 , -0.51 , 7.28 ,  579 ,  9.848 , 0.3333 , 0.183
      6595 , 1 ,       6595 ,    6595 ,  2 ,  5.95 , -3.95 , -0.51 , 7.16 ,  626 ,  9.622 , 0.2318 , 0.162
      6574 , 1 ,       6595 ,    6595 ,  2 ,  6.19 , -4.13 , -0.52 , 7.46 ,  533 ,  9.457 , 0.1833 , 0.150
1000028630 , 2 ,      28630 ,       0 , 39 ,  2.81 ,  2.45 ,  0.05 , 3.73 ,  164 , 11.130 , 6.3806 , 0.488
     28630 , 1 ,      28630 ,   28630 , 39 ,  2.84 ,  2.48 ,  0.04 , 3.77 ,  123 , 10.947 , 3.9596 , 0.417
     28655 , 1 ,      28630 ,   28630 , 39 ,  2.73 ,  2.35 ,  0.07 , 3.60 ,  363 , 10.545 , 1.3499 , 0.291
     23324 , 1 ,      28630 ,   23324 , 39 ,  2.89 ,  1.90 , -0.14 , 3.46 ,  327 ,  9.190 , 0.1276 , 0.133
   5056933 , 1 ,      28630 ,   28630 , 39 ,  2.93 ,  2.48 ,  0.00 , 3.84 , 9999 ,  5.881 , 0.0028 , 0.037
   5056932 , 1 ,      28630 ,   28630 , 39 ,  2.85 ,  2.28 ,  0.09 , 3.65 , 9999 ,  5.597 , 0.0020 , 0.033
   5056947 , 1 ,      28630 ,   28630 , 39 ,  3.01 ,  2.74 ,  0.13 , 4.07 , 9999 ,  6.051 , 0.0034 , 0.040
   5056943 , 1 ,      28630 ,   28630 , 39 ,  2.67 ,  2.11 ,  0.01 , 3.40 , 9999 ,  6.095 , 0.0035 , 0.040
     28529 , 1 ,      28630 ,   28630 , 39 ,  3.14 ,  2.74 ,  0.03 , 4.17 ,  117 ,  6.112 , 0.0036 , 0.040
   5056938 , 1 ,      28630 ,   28630 , 39 ,  2.83 ,  2.60 ,  0.11 , 3.84 , 9999 ,  6.121 , 0.0037 , 0.041
   5056937 , 1 ,      28630 ,   28630 , 39 ,  2.64 ,  2.48 ,  0.00 , 3.62 , 9999 ,  6.309 , 0.0046 , 0.044
   5056942 , 1 ,      28630 ,   28630 , 39 ,  2.69 ,  2.51 ,  0.28 , 3.69 , 9999 ,  6.366 , 0.0049 , 0.045
   5056936 , 1 ,      28630 ,   28630 , 39 ,  3.19 ,  2.84 ,  0.04 , 4.27 ,  -29 ,  6.413 , 0.0051 , 0.045
   5056934 , 1 ,      28630 ,   28630 , 39 ,  2.63 ,  2.23 ,  0.09 , 3.45 , 9999 ,  6.468 , 0.0055 , 0.046
     32667 , 1 ,      28630 ,   28630 , 39 ,  2.85 ,  2.76 ,  0.33 , 3.98 ,  279 ,  6.632 , 0.0066 , 0.049
   4689216 , 1 ,      28630 ,   28630 , 39 ,  2.96 ,  2.59 ,  0.25 , 3.94 ,  131 ,  6.701 , 0.0072 , 0.051
     28759 , 1 ,      28630 ,   28630 , 39 ,  2.96 ,  2.58 ,  0.06 , 3.93 ,  258 ,  6.861 , 0.0086 , 0.054
   2807133 , 1 ,      28630 ,   28630 , 39 ,  2.57 ,  2.62 , -0.21 , 3.68 , 9999 ,  6.964 , 0.0097 , 0.056
   5056941 , 1 ,      28630 ,   28630 , 39 ,  2.84 ,  2.58 ,  0.23 , 3.84 ,   51 ,  7.001 , 0.0101 , 0.057
     24213 , 1 ,      28630 ,   23324 , 39 ,  2.93 ,  2.05 , -0.17 , 3.58 ,  319 ,  7.100 , 0.0114 , 0.059
     28826 , 1 ,      28630 ,   28630 , 39 ,  2.81 ,  2.61 , -0.05 , 3.84 ,  237 ,  7.118 , 0.0116 , 0.060
     29231 , 1 ,      28630 ,   28630 , 39 ,  2.73 ,  2.48 ,  0.04 , 3.69 , 9999 ,  7.166 , 0.0123 , 0.061
     29735 , 1 ,      28630 ,   28630 , 39 ,  2.60 ,  2.67 , -0.11 , 3.73 ,  284 ,  7.175 , 0.0124 , 0.061
   3097828 , 1 ,      28630 ,   28630 , 39 ,  2.87 ,  2.46 , -0.02 , 3.78 , 9999 ,  7.227 , 0.0132 , 0.062
     31286 , 1 ,      28630 ,   28630 , 39 ,  2.31 ,  2.38 ,  0.07 , 3.32 , 9999 ,  7.234 , 0.0132 , 0.062
     24050 , 1 ,      28630 ,   24050 , 39 ,  2.93 ,  2.15 , -0.38 , 3.65 ,  165 ,  7.317 , 0.0146 , 0.064
   5056944 , 1 ,      28630 ,   28630 , 39 ,  2.69 ,  2.17 ,  0.11 , 3.46 ,  131 ,  7.390 , 0.0159 , 0.066
     30664 , 1 ,      28630 ,   28630 , 39 ,  2.61 ,  2.52 ,  0.11 , 3.63 ,  207 ,  7.512 , 0.0182 , 0.069
   4689195 , 1 ,      28630 ,   28630 , 39 ,  2.77 ,  2.53 ,  0.06 , 3.75 ,   15 ,  7.580 , 0.0197 , 0.071
     28757 , 1 ,      28630 ,   28630 , 39 ,  2.90 ,  2.55 ,  0.05 , 3.86 ,  207 ,  7.725 , 0.0235 , 0.075
    166101 , 1 ,      28630 ,   28630 , 39 ,  2.82 ,  2.53 , -0.06 , 3.79 , 9999 ,  7.829 , 0.0263 , 0.078
     29257 , 1 ,      28630 ,   28630 , 39 ,  2.67 ,  2.53 , -0.04 , 3.68 ,   17 ,  7.844 , 0.0266 , 0.079
   3097827 , 1 ,      28630 ,   28630 , 39 ,  2.81 ,  2.48 , -0.08 , 3.75 ,   24 ,  7.980 , 0.0313 , 0.083
     29388 , 1 ,      28630 ,   28630 , 39 ,  2.75 ,  2.54 ,  0.03 , 3.74 ,  137 ,  7.980 , 0.0313 , 0.083
     27605 , 1 ,      28630 ,   28630 , 39 ,  3.12 ,  2.50 ,  0.09 , 4.00 ,  306 ,  8.036 , 0.0335 , 0.085
     28731 , 1 ,      28630 ,   28630 , 39 ,  2.75 ,  2.43 ,  0.02 , 3.67 ,  376 ,  8.081 , 0.0351 , 0.086
     30997 , 1 ,      28630 ,   28630 , 39 ,  2.92 ,  2.63 ,  0.26 , 3.94 ,  222 ,  8.383 , 0.0496 , 0.097
     30819 , 1 ,      28630 ,   28630 , 39 ,  2.86 ,  2.73 ,  0.16 , 3.96 ,  199 ,  9.305 , 0.1491 , 0.140
     28120 , 1 ,      28630 ,   28630 , 39 ,  2.77 ,  2.43 , -0.05 , 3.69 ,  154 ,  9.444 , 0.1782 , 0.148
     29146 , 1 ,      28630 ,   28630 , 39 ,  2.98 ,  2.67 ,  0.06 , 4.00 ,  170 ,  9.596 , 0.2249 , 0.160
1000039225 , 2 ,      39225 ,       0 ,  4 ,  0.56 ,  2.86 ,  0.08 , 2.92 ,  264 ,  9.080 , 0.1113 , 0.127
     39225 , 1 ,      39225 ,   39225 ,  4 ,  0.56 ,  2.86 ,  0.08 , 2.92 ,  312 ,  9.003 , 0.1012 , 0.123
     39023 , 1 ,      39225 ,   39225 ,  4 ,  0.56 ,  2.77 ,  0.07 , 2.83 ,  255 ,  7.896 , 0.0285 , 0.080
     39145 , 1 ,      39225 ,   39225 ,  4 ,  0.56 ,  2.92 ,  0.07 , 2.97 ,  303 ,  7.578 , 0.0197 , 0.071
     38881 , 1 ,      39225 ,   39225 ,  4 ,  0.57 ,  2.92 ,  0.05 , 2.98 ,  188 ,  7.898 , 0.0285 , 0.080
1000048082 , 2 ,      48082 ,       0 ,  6 , -4.18 ,  2.62 ,  0.09 , 4.93 ,  249 , 10.866 , 3.1737 , 0.387
     48082 , 1 ,      48082 ,   48082 ,  6 , -4.18 ,  2.62 ,  0.09 , 4.93 ,  302 , 10.858 , 3.1200 , 0.385
     48467 , 1 ,      48082 ,   48082 ,  6 , -4.06 ,  2.51 ,  0.16 , 4.78 ,  270 ,  8.871 , 0.0871 , 0.117
    166170 , 1 ,      48082 ,   48082 ,  6 , -4.23 ,  2.68 ,  0.09 , 5.01 ,  179 ,  8.712 , 0.0725 , 0.110
     47073 , 1 ,      48082 ,   48082 ,  6 , -4.38 ,  2.77 , -0.12 , 5.18 ,  201 ,  8.221 , 0.0412 , 0.091
    166176 , 1 ,      48082 ,   48082 ,  6 , -4.22 ,  2.56 ,  0.25 , 4.94 , 9999 ,  7.379 , 0.0157 , 0.066
     46885 , 1 ,      48082 ,   48082 ,  6 , -4.04 ,  2.51 , -0.16 , 4.76 ,  272 ,  7.307 , 0.0145 , 0.064
1005064336 , 2 ,    5064336 ,       0 , 16 , -0.01 , -0.00 ,  0.01 , 0.01 ,  -35 , 10.704 , 2.0654 , 0.335
   5064336 , 1 ,    5064336 , 5064336 , 16 , -0.01 ,  0.00 ,  0.01 , 0.01 ,  -34 , 10.672 , 1.2543 , 0.284
     17223 , 1 ,    5064336 , 5064336 , 16 , -0.03 , -0.02 , -0.03 , 0.05 ,   17 ,  9.430 , 0.1733 , 0.147
      3085 , 1 ,    5064336 , 5064336 , 16 , -0.04 , -0.04 , -0.02 , 0.06 ,  -37 ,  8.788 , 0.0832 , 0.115
   4689212 , 1 ,    5064336 , 5064336 , 16 , -0.02 , -0.01 ,  0.02 , 0.03 ,  147 ,  8.346 , 0.0417 , 0.091
   5742923 , 1 ,    5064336 , 5064336 , 16 , -0.07 ,  0.09 , -0.04 , 0.12 , -999 ,  5.950 , 0.0030 , 0.038
   4713560 , 1 ,    5064336 , 5064336 , 16 , -0.03 ,  0.07 ,  0.11 , 0.13 ,  144 ,  5.260 , 0.0014 , 0.029
   4713553 , 1 ,    5064336 , 5064336 , 16 , -0.02 ,  0.06 ,  0.02 , 0.07 ,   79 ,  5.202 , 0.0012 , 0.028
     54074 , 1 ,    5064336 , 5064336 , 16 ,  0.05 ,  0.05 ,  0.04 , 0.08 ,  -39 ,  6.038 , 0.0032 , 0.039
   4689223 , 1 ,    5064336 , 5064336 , 16 ,  0.02 ,  0.21 ,  0.06 , 0.22 ,   76 ,  6.077 , 0.0035 , 0.040
     88608 , 1 ,    5064336 , 5064336 , 16 , -0.02 ,  0.07 , -0.06 , 0.09 ,   20 ,  6.420 , 0.0050 , 0.045
     60095 , 1 ,    5064336 , 5064336 , 16 ,  0.04 ,  0.04 ,  0.06 , 0.08 ,  -42 ,  6.438 , 0.0050 , 0.045
     19441 , 1 ,    5064336 , 5064336 , 16 , -0.06 , -0.03 , -0.09 , 0.11 ,  -58 ,  6.595 , 0.0061 , 0.048
     34176 , 1 ,    5064336 , 5064336 , 16 ,  0.01 ,  0.24 , -0.07 , 0.25 ,    7 ,  6.748 , 0.0076 , 0.052
      3589 , 1 ,    5064336 , 5064336 , 16 , -0.01 , -0.09 , -0.02 , 0.09 ,   76 ,  6.860 , 0.0082 , 0.053
     29488 , 1 ,    5064336 , 5064336 , 16 ,  0.00 ,  0.21 , -0.15 , 0.26 ,  140 ,  7.382 , 0.0157 , 0.066
     10074 , 1 ,    5064336 , 5064336 , 16 , -0.01 , -0.13 , -0.08 , 0.15 ,  -68 ,  7.624 , 0.0204 , 0.072
1000021600 , 2 ,      21600 ,       0 ,  2 ,  3.17 ,  3.35 , -6.71 , 8.14 ,  178 ,  8.831 , 0.0833 , 0.115
     21600 , 1 ,      21600 ,   21600 ,  2 ,  3.19 ,  3.36 , -6.74 , 8.18 ,  175 ,  8.738 , 0.0750 , 0.111
     21614 , 1 ,      21600 ,   21600 ,  2 ,  3.08 ,  3.29 , -6.60 , 7.99 ,  182 ,  8.117 , 0.0367 , 0.088
1000021396 , 2 ,      21396 ,       0 ,  3 ,  2.73 ,  1.62 , -0.45 , 3.20 ,  308 ,  9.876 , 0.3493 , 0.185
     21396 , 1 ,      21396 ,   21396 ,  3 ,  2.72 ,  1.62 , -0.46 , 3.20 ,  283 ,  9.842 , 0.3287 , 0.182
     21102 , 1 ,      21396 ,   21396 ,  3 ,  2.85 ,  1.61 , -0.28 , 3.29 ,  270 ,  8.706 , 0.0725 , 0.110
     21302 , 1 ,      21396 ,   21396 ,  3 ,  2.74 ,  1.60 , -0.39 , 3.20 ,  371 ,  7.762 , 0.0243 , 0.076
1000029128 , 2 ,      29128 ,       0 ,  3 , -0.70 ,  0.63 , -0.95 , 1.34 ,   90 ,  8.572 , 0.0618 , 0.104
     29128 , 1 ,      29128 ,   29128 ,  3 , -0.70 ,  0.63 , -0.95 , 1.34 ,  114 ,  8.566 , 0.0617 , 0.104
     29194 , 1 ,      29128 ,   29128 ,  3 , -0.74 ,  0.63 , -0.97 , 1.37 ,   71 ,  6.505 , 0.0058 , 0.047
   5098252 , 1 ,      29128 ,   29128 ,  3 , -0.71 ,  0.64 , -1.07 , 1.43 ,   87 ,  6.183 , 0.0039 , 0.042
1000045992 , 2 ,      45992 ,       0 ,  2 ,  1.81 ,  7.29 ,  1.86 , 7.74 ,  650 ,  8.388 , 0.0500 , 0.097
     45992 , 1 ,      45992 ,   46153 ,  2 ,  1.82 ,  7.29 ,  1.86 , 7.74 ,  698 ,  8.329 , 0.0468 , 0.095
     45897 , 1 ,      45992 ,   46153 ,  2 ,  1.77 ,  7.31 ,  1.83 , 7.74 ,  603 ,  7.489 , 0.0178 , 0.069
1000043255 , 2 ,      43255 ,       0 ,  2 ,  2.61 ,  5.85 ,  1.26 , 6.53 ,  594 ,  8.490 , 0.0562 , 0.101
     43255 , 1 ,      43255 ,   43255 ,  2 ,  2.59 ,  5.86 ,  1.26 , 6.53 ,  574 ,  8.262 , 0.0432 , 0.092
     43124 , 1 ,      43255 ,   43255 ,  2 ,  2.64 ,  5.83 ,  1.25 , 6.52 ,  615 ,  8.100 , 0.0359 , 0.087
1000040596 , 2 ,      40596 ,       0 ,  3 ,  0.63 ,  4.72 ,  0.24 , 4.76 ,  331 ,  9.500 , 0.1940 , 0.152
     40596 , 1 ,      40596 ,   40596 ,  3 ,  0.64 ,  4.71 ,  0.23 , 4.76 ,  328 ,  9.467 , 0.1859 , 0.150
     41636 , 1 ,      40596 ,   41636 ,  3 ,  0.45 ,  4.84 ,  0.30 , 4.87 ,  335 ,  8.247 , 0.0427 , 0.092
     41048 , 1 ,      40596 ,   41048 ,  3 ,  0.79 ,  4.67 ,  0.32 , 4.75 ,  332 ,  7.705 , 0.0229 , 0.075
1000041522 , 2 ,      41522 ,       0 ,  2 ,  2.04 ,  8.86 ,  0.92 , 9.14 ,  722 ,  8.515 , 0.0579 , 0.102
     41522 , 1 ,      41522 ,   41522 ,  2 ,  2.09 ,  8.79 ,  0.90 , 9.08 ,  725 ,  8.228 , 0.0417 , 0.091
     41766 , 1 ,      41522 ,   41766 ,  2 ,  1.98 ,  8.94 ,  0.94 , 9.20 ,  720 ,  8.200 , 0.0403 , 0.090
1000046039 , 2 ,      46039 ,       0 ,  3 ,  1.26 ,  3.93 ,  1.07 , 4.26 ,  291 ,  8.182 , 0.0395 , 0.090
     46039 , 1 ,      46039 ,   46039 ,  3 ,  1.26 ,  3.93 ,  1.07 , 4.26 ,  287 ,  8.131 , 0.0372 , 0.088
     45939 , 1 ,      46039 ,   46039 ,  3 ,  1.29 ,  3.90 ,  1.06 , 4.24 ,  245 ,  7.167 , 0.0123 , 0.061
   5057032 , 1 ,      46039 ,   46039 ,  3 ,  1.39 ,  3.94 ,  1.11 , 4.32 ,  343 ,  6.343 , 0.0047 , 0.044
1000018731 , 2 ,      18731 ,       0 ,  2 , -3.39 , -2.30 , -4.44 , 6.05 ,  289 ,  7.838 , 0.0265 , 0.079
     18731 , 1 ,      18731 ,   18731 ,  2 , -3.40 , -2.31 , -4.46 , 6.07 ,  300 ,  7.758 , 0.0243 , 0.076
    385975 , 1 ,      18731 ,   18731 ,  2 , -3.34 , -2.26 , -4.37 , 5.95 ,  278 ,  7.060 , 0.0108 , 0.058
     10217 , 0 ,      10217 ,    9892 ,  1 ,  5.72 , -0.04 ,  0.08 , 5.72 ,  222 , 11.028 , 4.8938 , 0.447
     46153 , 0 ,      46153 ,   46153 ,  1 ,  2.09 ,  8.49 ,  2.22 , 9.02 ,  561 , 10.982 , 4.2870 , 0.428
      9031 , 0 ,       9031 ,    9031 ,  1 ,  9.50 , -2.91 , -0.83 , 9.97 ,  745 , 10.949 , 3.9596 , 0.417
     27077 , 0 ,      27077 ,   27077 ,  1 ,  2.09 ,  7.06 , -5.43 , 9.15 ,  456 , 10.795 , 2.5921 , 0.362
     24930 , 0 ,      24930 ,   24930 ,  1 ,  4.59 ,  6.78 , -5.40 , 9.81 ,  381 , 10.775 , 2.5244 , 0.359
      5974 , 0 ,       5974 ,    5974 ,  1 ,  6.83 , -6.95 , -0.92 , 9.79 ,  824 , 10.574 , 1.4548 , 0.298
     44182 , 0 ,      44182 ,   44182 ,  1 , -0.43 ,  4.35 ,  0.47 , 4.40 ,  379 , 10.479 , 1.1672 , 0.277
     34554 , 0 ,      34554 ,   34554 ,  1 , -5.06 ,  3.46 , -3.34 , 6.98 ,  444 , 10.360 , 0.8865 , 0.253
     31968 , 0 ,      31968 ,   31968 ,  1 ,  1.41 ,  9.06 , -3.54 , 9.83 ,  515 , 10.337 , 0.8484 , 0.249
     42002 , 0 ,      42002 ,   42002 ,  1 ,  0.26 ,  8.83 ,  0.50 , 8.85 ,  801 , 10.166 , 0.5962 , 0.222
      9332 , 0 ,       9332 ,    9332 ,  1 ,  8.57 , -3.91 , -1.57 , 9.55 ,  741 , 10.112 , 0.5307 , 0.213
     41333 , 0 ,      41333 ,   41333 ,  1 ,  1.85 ,  6.79 ,  0.73 , 7.08 ,  618 , 10.051 , 0.4743 , 0.205
     67045 , 0 ,      67045 ,   67045 ,  1 , -6.11 , -7.03 ,  1.95 , 9.52 ,  763 ,  9.988 , 0.4254 , 0.198
     71775 , 0 ,      71775 ,   71775 ,  1 , -2.14 , -8.70 ,  0.98 , 9.01 ,  699 ,  9.741 , 0.2794 , 0.172
     71220 , 0 ,      71220 ,   71220 ,  1 ,  6.77 , -3.19 ,  3.92 , 8.45 ,  668 ,  9.726 , 0.2750 , 0.171
     47847 , 0 ,      47847 ,   47847 ,  1 , -6.61 ,  2.06 , -0.53 , 6.94 ,  580 ,  9.716 , 0.2707 , 0.170
     46400 , 0 ,      46400 ,   46400 ,  1 , -3.85 ,  3.43 , -0.02 , 5.16 ,  472 ,  9.697 , 0.2623 , 0.169
     42408 , 0 ,      42408 ,   42408 ,  1 ,  3.07 ,  4.46 ,  1.15 , 5.54 ,  294 ,  9.679 , 0.2542 , 0.167
     42575 , 0 ,      42575 ,   42575 ,  1 ,  1.86 ,  7.36 ,  1.04 , 7.66 ,  602 ,  9.600 , 0.2249 , 0.160
     39346 , 0 ,      39346 ,   39346 ,  1 ,  2.94 ,  3.17 ,  0.87 , 4.41 ,  172 ,  9.601 , 0.2249 , 0.160
     32643 , 0 ,      32643 ,   32643 ,  1 ,  2.79 ,  8.44 , -2.12 , 9.14 ,  606 ,  9.594 , 0.2216 , 0.159
     24171 , 0 ,      24171 ,   24171 ,  1 , -2.94 ,  2.06 , -7.41 , 8.23 ,  589 ,  9.543 , 0.2058 , 0.155
     39422 , 0 ,      39422 ,   39422 ,  1 ,  0.91 ,  4.20 ,  0.18 , 4.30 ,  273 ,  9.499 , 0.1941 , 0.152
     57888 , 0 ,      57888 ,   57888 ,  1 , -5.75 , -0.85 ,  0.80 , 5.87 ,  409 ,  9.489 , 0.1914 , 0.152
       701 , 0 ,        701 ,     701 ,  1 , -0.08 , -7.29 ,  0.41 , 7.30 ,  595 ,  9.439 , 0.1782 , 0.148
     71596 , 0 ,      71596 ,   71596 ,  1 ,  7.33 , -3.44 ,  3.98 , 9.02 ,  719 ,  9.382 , 0.1639 , 0.144
     18536 , 0 ,      18536 ,   18431 ,  1 , -1.81 , -2.41 , -7.85 , 8.41 ,  509 ,  9.362 , 0.1595 , 0.143
     42447 , 0 ,      42447 ,   42734 ,  1 , -3.54 ,  8.58 , -0.43 , 9.29 ,  724 ,  9.328 , 0.1532 , 0.141
       930 , 0 ,        930 ,     930 ,  1 ,  0.16 , -6.62 ,  0.34 , 6.63 ,  515 ,  9.315 , 0.1511 , 0.140
      4126 , 0 ,       4126 ,    4126 ,  1 ,  2.69 , -1.44 ,  0.33 , 3.07 ,  195 ,  9.286 , 0.1452 , 0.138
     65603 , 0 ,      65603 ,   65603 ,  1 , -4.42 , -3.26 ,  0.25 , 5.50 ,  430 ,  9.233 , 0.1343 , 0.135
     38688 , 0 ,      38688 ,   39600 ,  1 ,  2.46 ,  6.43 ,  0.46 , 6.90 ,  333 ,  9.230 , 0.1343 , 0.135
     61922 , 0 ,      61922 ,   61922 ,  1 , -6.70 , -2.96 ,  0.92 , 7.38 ,  566 ,  9.208 , 0.1309 , 0.134
     51210 , 0 ,      51210 ,   51210 ,  1 ,  3.11 ,  5.55 ,  2.92 , 7.00 ,  473 ,  9.202 , 0.1292 , 0.133
     11329 , 0 ,      11329 ,   11329 ,  1 ,  5.67 , -3.12 , -2.30 , 6.87 ,  508 ,  9.186 , 0.1276 , 0.133
     53639 , 0 ,      53639 ,   53639 ,  1 , -6.19 ,  0.92 ,  0.84 , 6.31 ,  382 ,  9.152 , 0.1213 , 0.130
     13115 , 0 ,      13115 ,   13115 ,  1 ,  7.32 , -0.73 , -1.57 , 7.52 ,  402 ,  9.144 , 0.1198 , 0.130
     42336 , 0 ,      42336 ,   42336 ,  1 , -3.86 ,  7.95 , -0.61 , 8.86 ,  924 ,  9.127 , 0.1183 , 0.129
     44536 , 0 ,      44536 ,   44536 ,  1 ,  1.23 ,  9.73 ,  1.68 , 9.95 ,  872 ,  9.108 , 0.1155 , 0.128
     18396 , 0 ,      18396 ,   18396 ,  1 , -1.74 , -2.66 , -8.44 , 9.02 ,  551 ,  9.102 , 0.1141 , 0.128
     16957 , 0 ,      16957 ,   16957 ,  1 ,  3.23 ,  0.87 , -0.55 , 3.39 ,  293 ,  9.092 , 0.1127 , 0.127
     48334 , 0 ,      48334 ,   48334 ,  1 , -2.97 ,  1.73 ,  0.06 , 3.44 ,  193 ,  9.065 , 0.1100 , 0.126
     49050 , 0 ,      49050 ,   49050 ,  1 , -2.88 ,  1.37 ,  0.07 , 3.19 ,  113 ,  9.040 , 0.1061 , 0.125
     45849 , 0 ,      45849 ,   46153 ,  1 ,  1.61 ,  5.65 ,  1.45 , 6.05 ,  491 ,  8.996 , 0.1012 , 0.123
     41326 , 0 ,      41326 ,   41333 ,  1 ,  2.33 ,  8.55 ,  0.92 , 8.91 ,  546 ,  8.972 , 0.0978 , 0.121
      5896 , 0 ,       5896 ,    5896 ,  1 , -0.84 , -3.73 , -1.22 , 4.01 ,  310 ,  8.958 , 0.0966 , 0.121
     20171 , 0 ,      20171 ,   20171 ,  1 , -0.86 , -0.04 , -7.11 , 7.16 ,  491 ,  8.942 , 0.0944 , 0.120
     11139 , 0 ,      11139 ,   11139 ,  1 , -2.40 , -4.47 , -2.96 , 5.87 ,  394 ,  8.929 , 0.0934 , 0.119
    100169 , 0 ,     100169 ,  100169 ,  1 ,  4.43 ,  0.49 ,  0.67 , 4.51 ,  293 ,  8.900 , 0.0902 , 0.118
     31359 , 0 ,      31359 ,   31359 ,  1 , -3.97 ,  3.85 , -4.30 , 7.01 ,  761 ,  8.882 , 0.0881 , 0.117
     54392 , 0 ,      54392 ,   54392 ,  1 , -2.72 ,  0.40 ,  0.50 , 2.79 ,  328 ,  8.843 , 0.0842 , 0.115
     64181 , 0 ,      64181 ,   64181 ,  1 , -7.36 , -5.21 ,  1.76 , 9.19 ,  686 ,  8.839 , 0.0842 , 0.115
     47368 , 0 ,      47368 ,   47368 ,  1 ,  2.22 ,  3.75 ,  1.40 , 4.58 ,  353 ,  8.834 , 0.0832 , 0.115
     41063 , 0 ,      41063 ,   41063 ,  1 ,  2.56 ,  8.47 ,  0.94 , 8.90 ,  598 ,  8.811 , 0.0813 , 0.114
     45628 , 0 ,      45628 ,   45628 ,  1 , -6.26 ,  4.62 , -0.54 , 7.80 ,  463 ,  8.776 , 0.0786 , 0.113
     35856 , 0 ,      35856 ,   35856 ,  1 ,  2.69 ,  4.58 ,  0.17 , 5.31 ,  327 ,  8.762 , 0.0768 , 0.112
     16643 , 0 ,      16643 ,   16643 ,  1 ,  0.12 , -4.63 , -8.78 , 9.93 ,  663 ,  8.746 , 0.0759 , 0.111
     17250 , 0 ,      17250 ,   17250 ,  1 ,  3.29 , -1.41 , -6.18 , 7.14 ,  448 ,  8.739 , 0.0750 , 0.111
     14658 , 0 ,      14658 ,   14658 ,  1 ,  0.72 , -4.59 , -5.76 , 7.40 ,  774 ,  8.730 , 0.0742 , 0.111
     60849 , 0 ,      60849 ,   60849 ,  1 , -2.38 , -0.83 ,  0.38 , 2.55 ,  124 ,  8.725 , 0.0742 , 0.111
      9962 , 0 ,       9962 ,    9962 ,  1 , -2.61 , -3.75 , -2.22 , 5.08 ,  325 ,  8.724 , 0.0733 , 0.110
     41066 , 0 ,      41066 ,   41066 ,  1 , -0.32 ,  6.60 ,  0.02 , 6.61 ,  602 ,  8.712 , 0.0725 , 0.110
     45084 , 0 ,      45084 ,   45084 ,  1 , -4.17 ,  4.35 , -0.29 , 6.03 ,  547 ,  8.713 , 0.0725 , 0.110
     67908 , 0 ,      67908 ,   67908 ,  1 , -1.12 , -1.56 ,  0.39 , 1.96 ,   56 ,  8.697 , 0.0716 , 0.109
     26761 , 0 ,      26761 ,   26761 ,  1 , -3.67 , -1.15 , -1.88 , 4.28 ,  182 ,  8.695 , 0.0708 , 0.109
     18431 , 0 ,      18431 ,   18431 ,  1 , -2.04 , -2.85 , -8.96 , 9.62 ,  526 ,  8.678 , 0.0700 , 0.109
      1034 , 0 ,       1034 ,    1034 ,  1 ,  0.27 , -4.88 ,  0.27 , 4.89 ,  432 ,  8.651 , 0.0676 , 0.107
      7671 , 0 ,       7671 ,    7671 ,  1 ,  4.57 , -2.77 , -0.59 , 5.38 ,  388 ,  8.654 , 0.0676 , 0.107
     16282 , 0 ,      16282 ,   16282 ,  1 , -2.48 , -3.16 , -4.10 , 5.74 ,  397 ,  8.630 , 0.0661 , 0.106
     49448 , 0 ,      49448 ,   50063 ,  1 ,  2.94 ,  6.06 ,  2.64 , 7.23 ,  286 ,  8.630 , 0.0661 , 0.106
     41576 , 0 ,      41576 ,   41333 ,  1 ,  2.40 ,  8.30 ,  0.99 , 8.70 ,  595 ,  8.631 , 0.0661 , 0.106
     17716 , 0 ,      17716 ,   17716 ,  1 ,  2.99 , -0.79 , -6.05 , 6.79 ,  303 ,  8.617 , 0.0653 , 0.106
      6699 , 0 ,       6699 ,    6699 ,  1 ,  4.62 , -2.52 , -0.24 , 5.27 ,  368 ,  8.556 , 0.0610 , 0.104
     50073 , 0 ,      50073 ,   50073 ,  1 , -5.01 ,  1.76 ,  0.18 , 5.31 ,  277 ,  8.562 , 0.0610 , 0.104
     15488 , 0 ,      15488 ,   13826 ,  1 ,  2.87 ,  0.83 ,  0.04 , 2.99 ,  183 ,  8.543 , 0.0596 , 0.103
      6430 , 0 ,       6430 ,    6430 ,  1 , -1.10 , -4.15 , -1.54 , 4.56 ,  292 ,  8.510 , 0.0576 , 0.102
     13163 , 0 ,      13163 ,   13163 ,  1 , -2.16 , -4.48 , -3.72 , 6.21 ,  453 ,  8.498 , 0.0569 , 0.101
   2807065 , 0 ,    2807065 , 2807065 ,  1 , -1.68 ,  0.43 , -5.54 , 5.81 ,  219 ,  8.479 , 0.0556 , 0.101
     12460 , 0 ,      12460 ,   12460 ,  1 , -2.07 , -4.09 , -3.12 , 5.55 ,  385 ,  8.439 , 0.0531 , 0.099
     24781 , 0 ,      24781 ,   24781 ,  1 , -3.28 ,  2.48 , -7.55 , 8.60 ,  475 ,  8.421 , 0.0519 , 0.098
     29284 , 0 ,      29284 ,   29284 ,  1 ,  6.70 ,  5.79 ,  0.33 , 8.86 ,  511 ,  8.407 , 0.0513 , 0.098
     32405 , 0 ,      32405 ,   32405 ,  1 ,  5.77 ,  6.23 ,  0.33 , 8.50 ,  484 ,  8.411 , 0.0513 , 0.098
     20445 , 0 ,      20445 ,   20445 ,  1 ,  2.76 ,  2.06 , -6.86 , 7.68 ,  200 ,  8.403 , 0.0507 , 0.097
   2807061 , 0 ,    2807061 , 2807061 ,  1 ,  1.12 ,  0.73 , -6.51 , 6.65 ,  125 ,  8.398 , 0.0507 , 0.097
     12719 , 0 ,      12719 ,   12719 ,  1 ,  4.93 , -3.19 , -3.15 , 6.66 ,  474 ,  8.359 , 0.0484 , 0.096
     23769 , 0 ,      23769 ,   23769 ,  1 ,  6.00 ,  6.23 , -4.70 , 9.84 ,  414 ,  8.338 , 0.0473 , 0.095
     39573 , 0 ,      39573 ,   39573 ,  1 , -2.16 , -0.61 , -0.69 , 2.35 ,  160 ,  8.334 , 0.0468 , 0.095
     63616 , 0 ,      63616 ,   63616 ,  1 , -0.18 , -0.21 ,  0.43 , 0.51 ,   52 ,  8.327 , 0.0468 , 0.095
     27115 , 0 ,      27115 ,   27077 ,  1 ,  1.92 ,  6.56 , -5.03 , 8.49 ,  386 ,  8.330 , 0.0468 , 0.095
     63432 , 0 ,      63432 ,   63432 ,  1 , -7.23 , -4.31 ,  1.20 , 8.50 ,  725 ,  8.331 , 0.0468 , 0.095
     81181 , 0 ,      81181 ,   81181 ,  1 , -2.66 ,  1.47 , -6.75 , 7.40 ,  552 ,  8.290 , 0.0447 , 0.093
     16389 , 0 ,      16389 ,   16389 ,  1 , -1.88 , -3.75 , -5.57 , 6.97 ,  450 ,  8.278 , 0.0442 , 0.093
     38148 , 0 ,      38148 ,   38148 ,  1 ,  1.98 ,  3.89 ,  0.38 , 4.38 ,  304 ,  8.275 , 0.0437 , 0.093
     22277 , 0 ,      22277 ,   22277 ,  1 ,  2.56 ,  3.55 , -6.55 , 7.88 ,  225 ,  8.265 , 0.0437 , 0.093
     27910 , 0 ,      27910 ,   27910 ,  1 ,  0.23 ,  7.10 , -6.16 , 9.40 ,  383 ,  8.258 , 0.0432 , 0.092
     14149 , 0 ,      14149 ,   14149 ,  1 ,  5.77 , -3.23 , -4.73 , 8.13 ,  347 ,  8.252 , 0.0427 , 0.092
     71464 , 0 ,      71464 ,   71464 ,  1 , -2.25 , -8.05 ,  1.03 , 8.42 ,  686 ,  8.243 , 0.0422 , 0.092
     45372 , 0 ,      45372 ,   45372 ,  1 ,  3.01 ,  3.54 ,  1.30 , 4.83 ,  211 ,  8.240 , 0.0422 , 0.092
     68672 , 0 ,      68672 ,   68672 ,  1 , -4.11 , -6.73 ,  1.54 , 8.03 ,  654 ,  8.203 , 0.0403 , 0.090
     29230 , 0 ,      29230 ,   29230 ,  1 ,  2.15 ,  6.58 , -3.34 , 7.69 ,  443 ,  8.204 , 0.0403 , 0.090
     48368 , 0 ,      48368 ,   48082 ,  1 , -3.66 ,  2.35 ,  0.15 , 4.35 ,  370 ,  8.189 , 0.0398 , 0.090
     29033 , 0 ,      29033 ,   29033 ,  1 , -2.78 ,  6.61 , -6.89 , 9.94 ,  212 ,  8.187 , 0.0398 , 0.090
     17302 , 0 ,      17302 ,   17302 ,  1 ,  0.41 , -2.41 , -6.24 , 6.70 ,  368 ,  8.164 , 0.0385 , 0.089
     32250 , 0 ,      32250 ,   32250 ,  1 , -5.10 ,  2.58 , -3.92 , 6.93 ,  414 ,  8.153 , 0.0380 , 0.089
     41093 , 0 ,      41093 ,   41333 ,  1 ,  2.31 ,  8.15 ,  0.86 , 8.51 ,  462 ,  8.132 , 0.0372 , 0.088
     21199 , 0 ,      21199 ,   21199 ,  1 , -3.41 , -1.40 , -2.80 , 4.63 ,  237 ,  8.123 , 0.0367 , 0.088
     19337 , 0 ,      19337 ,   19337 ,  1 , -0.83 , -0.89 , -6.22 , 6.34 ,  265 ,  8.116 , 0.0367 , 0.088
     40791 , 0 ,      40791 ,   39422 ,  1 ,  0.95 ,  4.88 ,  0.35 , 4.98 ,  246 ,  8.106 , 0.0363 , 0.087
       388 , 0 ,        388 ,     388 ,  1 , -0.59 , -8.68 ,  0.47 , 8.71 ,  753 ,  8.112 , 0.0363 , 0.087
      4013 , 0 ,       4013 ,    4013 ,  1 ,  4.26 , -7.89 , -0.44 , 8.98 ,  775 ,  8.099 , 0.0359 , 0.087
    166077 , 0 ,     166077 ,   13826 ,  1 ,  4.03 ,  0.73 ,  0.02 , 4.10 ,  160 ,  8.098 , 0.0359 , 0.087
     52142 , 0 ,      52142 ,   52142 ,  1 ,  2.62 ,  4.47 ,  2.60 , 5.80 ,  395 ,  8.079 , 0.0351 , 0.086
      3844 , 0 ,       3844 ,    3844 ,  1 ,  0.37 , -0.66 , -0.02 , 0.76 ,  -96 ,  8.074 , 0.0347 , 0.086
     40904 , 0 ,      40904 ,   40904 ,  1 ,  0.76 ,  2.47 ,  0.27 , 2.60 ,  257 ,  8.062 , 0.0343 , 0.086
      3974 , 0 ,       3974 ,    3974 ,  1 ,  3.31 , -3.50 ,  0.14 , 4.82 ,  344 ,  8.038 , 0.0335 , 0.085
     72228 , 0 ,      72228 ,   72228 ,  1 , -0.70 , -4.28 ,  0.46 , 4.36 ,  284 ,  8.031 , 0.0331 , 0.085
       591 , 0 ,        591 ,     591 ,  1 ,  6.99 , -3.27 ,  2.66 , 8.16 ,  588 ,  8.015 , 0.0327 , 0.084
     47853 , 0 ,      47853 ,   47853 ,  1 ,  1.70 ,  3.93 ,  1.42 , 4.51 ,  357 ,  8.020 , 0.0327 , 0.084
     62572 , 0 ,      62572 ,   62836 ,  1 , -7.88 , -3.93 ,  1.47 , 8.93 ,  640 ,  8.014 , 0.0324 , 0.084
     44982 , 0 ,      44982 ,   45084 ,  1 , -3.96 ,  4.16 , -0.29 , 5.75 ,  555 ,  7.991 , 0.0316 , 0.083
   4078650 , 0 ,    4078650 , 4078650 ,  1 , -3.88 ,  3.61 , -6.42 , 8.32 ,  454 ,  7.992 , 0.0316 , 0.083
     41395 , 0 ,      41395 ,   41395 ,  1 , -3.70 ,  8.62 , -0.87 , 9.42 ,  964 ,  7.980 , 0.0313 , 0.083
     48280 , 0 ,      48280 ,   48280 ,  1 , -0.34 ,  4.11 ,  1.21 , 4.30 ,  288 ,  7.979 , 0.0313 , 0.083
     72675 , 0 ,      72675 ,   72675 ,  1 , -3.25 , -6.19 , -0.39 , 7.00 ,  481 ,  7.962 , 0.0306 , 0.082
     43048 , 0 ,      43048 ,   43048 ,  1 , -4.60 ,  2.78 , -1.00 , 5.47 ,  337 ,  7.948 , 0.0302 , 0.082
   4078671 , 0 ,    4078671 , 4078671 ,  1 , -2.70 ,  6.03 , -6.69 , 9.40 ,  388 ,  7.938 , 0.0299 , 0.082
     51472 , 0 ,      51472 ,   51472 ,  1 ,  0.70 ,  2.44 ,  1.28 , 2.84 ,  275 ,  7.939 , 0.0299 , 0.082
   4078612 , 0 ,    4078612 , 4078612 ,  1 , -1.17 , -4.20 , -8.24 , 9.32 ,  609 ,  7.931 , 0.0295 , 0.081
     63000 , 0 ,      63000 ,   63000 ,  1 ,  2.44 ,  1.05 ,  2.36 , 3.55 ,  153 ,  7.932 , 0.0295 , 0.081
     43072 , 0 ,      43072 ,   43072 ,  1 , -2.66 ,  9.25 ,  0.11 , 9.63 , 1048 ,  7.919 , 0.0292 , 0.081
     20125 , 0 ,      20125 ,   20125 ,  1 , -3.27 , -1.49 , -3.88 , 5.29 ,  272 ,  7.919 , 0.0292 , 0.081
     39058 , 0 ,      39058 ,   39058 ,  1 ,  3.41 ,  4.12 ,  0.97 , 5.44 ,  227 ,  7.903 , 0.0285 , 0.080
     40045 , 0 ,      40045 ,   40045 ,  1 , -1.45 ,  9.16 , -0.55 , 9.29 , 1213 ,  7.888 , 0.0282 , 0.080
     48557 , 0 ,      48557 ,   48557 ,  1 ,  1.57 ,  8.27 ,  2.90 , 8.90 ,  744 ,  7.891 , 0.0282 , 0.080
     39999 , 0 ,      39999 ,   39999 ,  1 ,  1.58 ,  9.56 ,  0.41 , 9.70 ,  742 ,  7.886 , 0.0282 , 0.080
     19382 , 0 ,      19382 ,   19382 ,  1 , -3.33 , -2.19 , -8.47 , 9.36 ,  555 ,  7.895 , 0.0282 , 0.080
     38685 , 0 ,      38685 ,   39422 ,  1 ,  0.96 ,  4.75 ,  0.05 , 4.85 ,  356 ,  7.883 , 0.0279 , 0.080
    166096 , 0 ,     166096 ,   24930 ,  1 ,  4.31 ,  6.47 , -5.05 , 9.27 , 9999 ,  7.846 , 0.0269 , 0.079
     39873 , 0 ,      39873 ,   39873 ,  1 ,  1.61 ,  7.16 ,  0.42 , 7.35 ,  602 ,  7.845 , 0.0266 , 0.079
     62814 , 0 ,      62814 ,   62814 ,  1 ,  4.85 ,  2.27 ,  3.80 , 6.57 ,  354 ,  7.827 , 0.0263 , 0.078
     42380 , 0 ,      42380 ,   42380 ,  1 ,  2.76 ,  8.56 ,  1.32 , 9.09 ,  626 ,  7.829 , 0.0263 , 0.078
     40665 , 0 ,      40665 ,   40665 ,  1 ,  2.12 ,  5.23 ,  0.70 , 5.69 ,  363 ,  7.822 , 0.0260 , 0.078
     48937 , 0 ,      48937 ,   48937 ,  1 , -3.54 ,  0.58 , -0.31 , 3.60 ,  433 ,  7.825 , 0.0260 , 0.078
     49615 , 0 ,      49615 ,   49615 ,  1 , -4.05 ,  1.93 ,  0.24 , 4.49 ,  348 ,  7.816 , 0.0260 , 0.078
     28913 , 0 ,      28913 ,   28913 ,  1 , -0.10 ,  1.10 , -0.91 , 1.43 ,  123 ,  7.823 , 0.0260 , 0.078
     35684 , 0 ,      35684 ,   35684 ,  1 ,  1.84 ,  3.80 , -0.06 , 4.22 ,  319 ,  7.803 , 0.0254 , 0.077
     42901 , 0 ,      42901 ,   42901 ,  1 ,  1.17 ,  8.96 ,  1.06 , 9.10 ,  631 ,  7.790 , 0.0251 , 0.077
     31961 , 0 ,      31961 ,   31961 ,  1 , -4.92 ,  2.72 , -4.01 , 6.91 ,  366 ,  7.791 , 0.0251 , 0.077
     45546 , 0 ,      45546 ,   45546 ,  1 ,  3.58 ,  2.80 ,  1.31 , 4.73 ,  160 ,  7.782 , 0.0248 , 0.077
     41314 , 0 ,      41314 ,   41333 ,  1 ,  2.31 ,  7.82 ,  0.89 , 8.20 ,  495 ,  7.780 , 0.0248 , 0.077
      1777 , 0 ,       1777 ,    1777 ,  1 ,  6.11 , -2.47 ,  1.81 , 6.83 ,  465 ,  7.782 , 0.0248 , 0.077
   5060431 , 0 ,    5060431 , 5060431 ,  1 ,  0.79 , -1.85 ,  8.15 , 8.39 ,  515 ,  7.760 , 0.0243 , 0.076
    490287 , 0 ,     490287 ,  490287 ,  1 , -4.50 ,  1.31 , -2.83 , 5.47 ,  288 ,  7.748 , 0.0240 , 0.076
     48318 , 0 ,      48318 ,   48318 ,  1 ,  0.29 ,  8.20 ,  2.58 , 8.60 ,  789 ,  7.741 , 0.0237 , 0.076
     48029 , 0 ,      48029 ,   48082 ,  1 , -4.56 ,  2.93 ,  0.10 , 5.42 ,  367 ,  7.740 , 0.0237 , 0.076
     41701 , 0 ,      41701 ,   41701 ,  1 ,  1.20 ,  9.67 ,  0.71 , 9.77 ,  851 ,  7.732 , 0.0235 , 0.075
     48062 , 0 ,      48062 ,   47404 ,  1 ,  2.13 ,  7.43 ,  2.56 , 8.14 ,  579 ,  7.733 , 0.0235 , 0.075
     50911 , 0 ,      50911 ,   51210 ,  1 ,  4.01 ,  7.06 ,  3.61 , 8.89 ,  487 ,  7.730 , 0.0235 , 0.075
     46127 , 0 ,      46127 ,   46039 ,  1 ,  1.42 ,  4.02 ,  1.14 , 4.41 ,  368 ,  7.721 , 0.0232 , 0.075
     36014 , 0 ,      36014 ,   36014 ,  1 , -4.86 ,  2.49 , -2.51 , 6.01 ,  363 ,  7.710 , 0.0229 , 0.075
      2578 , 0 ,       2578 ,    2578 ,  1 ,  0.36 , -4.90 , -0.28 , 4.92 ,  400 ,  7.696 , 0.0227 , 0.075
    166192 , 0 ,     166192 ,   65001 ,  1 ,  4.54 ,  0.86 ,  4.18 , 6.23 ,  439 ,  7.701 , 0.0227 , 0.075
       143 , 0 ,        143 ,     143 ,  1 ,  0.13 , -0.96 ,  0.14 , 0.98 ,  -31 ,  7.694 , 0.0224 , 0.074
     64054 , 0 ,      64054 ,   64054 ,  1 , -3.74 , -3.82 ,  4.45 , 6.96 ,  463 ,  7.676 , 0.0221 , 0.074
     41749 , 0 ,      41749 ,       0 ,  1 ,  2.24 ,  9.63 ,  1.04 , 9.94 ,  692 ,  7.667 , 0.0219 , 0.074
     40682 , 0 ,      40682 ,   40682 ,  1 ,  0.35 ,  9.51 ,  0.19 , 9.52 ,  353 ,  7.669 , 0.0219 , 0.074
     19041 , 0 ,      19041 ,   19041 ,  1 , -0.73 , -1.16 , -6.17 , 6.32 ,  262 ,  7.673 , 0.0219 , 0.074
    170257 , 0 ,     170257 ,  170257 ,  1 , -3.70 ,  3.20 ,  0.18 , 4.90 ,  460 ,  7.652 , 0.0214 , 0.073
     21772 , 0 ,      21772 ,   21812 ,  1 ,  7.00 ,  4.93 , -3.47 , 9.24 ,  525 ,  7.643 , 0.0211 , 0.073
     42115 , 0 ,      42115 ,   42115 ,  1 ,  0.48 ,  8.41 ,  0.58 , 8.44 ,  791 ,  7.645 , 0.0211 , 0.073
     35286 , 0 ,      35286 ,   35286 ,  1 ,  3.63 ,  2.72 ,  0.92 , 4.63 ,  113 ,  7.643 , 0.0211 , 0.073
        35 , 0 ,         35 ,      35 ,  1 ,  7.58 , -3.81 ,  3.15 , 9.05 ,  618 ,  7.625 , 0.0209 , 0.073
     41020 , 0 ,      41020 ,   39422 ,  1 ,  0.90 ,  4.61 ,  0.35 , 4.71 ,  305 ,  7.618 , 0.0207 , 0.072
     12514 , 0 ,      12514 ,   12719 ,  1 ,  5.21 , -3.49 , -3.29 , 7.08 ,  439 ,  7.612 , 0.0204 , 0.072
     71431 , 0 ,      71431 ,   71431 ,  1 , -0.42 , -2.14 ,  0.36 , 2.21 ,   83 ,  7.601 , 0.0202 , 0.072
     42832 , 0 ,      42832 ,   42832 ,  1 ,  4.27 ,  8.47 ,  1.85 , 9.66 ,  559 ,  7.602 , 0.0202 , 0.072
     43869 , 0 ,      43869 ,   43869 ,  1 , -0.01 ,  4.01 ,  0.49 , 4.04 ,  367 ,  7.605 , 0.0202 , 0.072
      8484 , 0 ,       8484 ,    8484 ,  1 ,  3.83 , -1.91 , -0.53 , 4.31 ,  235 ,  7.581 , 0.0197 , 0.071
     52591 , 0 ,      52591 ,   52591 ,  1 , -3.78 ,  0.88 ,  0.47 , 3.91 ,  424 ,  7.576 , 0.0197 , 0.071
     42134 , 0 ,      42134 ,   42134 ,  1 ,  1.28 ,  5.98 ,  0.69 , 6.15 ,  500 ,  7.570 , 0.0195 , 0.071
     13294 , 0 ,      13294 ,   13294 ,  1 , -1.90 , -5.31 , -4.58 , 7.27 ,  572 ,  7.555 , 0.0193 , 0.071
     49158 , 0 ,      49158 ,   49158 ,  1 ,  0.48 ,  3.06 ,  1.16 , 3.31 ,  267 ,  7.552 , 0.0191 , 0.070
     29653 , 0 ,      29653 ,   29653 ,  1 , -0.36 ,  1.03 , -0.94 , 1.44 ,  103 ,  7.549 , 0.0191 , 0.070
     48332 , 0 ,      48332 ,   48332 ,  1 ,  0.61 ,  2.88 ,  0.99 , 3.11 ,  298 ,  7.538 , 0.0188 , 0.070
     95594 , 0 ,      95594 ,   95594 ,  1 ,  6.66 ,  2.76 , -0.05 , 7.21 ,  308 ,  7.508 , 0.0182 , 0.069
     47495 , 0 ,      47495 ,   47495 ,  1 ,  1.13 ,  2.23 ,  0.81 , 2.63 ,  195 ,  7.509 , 0.0182 , 0.069
     51659 , 0 ,      51659 ,   51659 ,  1 , -3.52 ,  0.82 ,  0.24 , 3.62 ,  170 ,  7.509 , 0.0182 , 0.069
     41902 , 0 ,      41902 ,   41902 ,  1 ,  1.95 ,  7.60 ,  0.91 , 7.90 ,  657 ,  7.507 , 0.0182 , 0.069
    166158 , 0 ,     166158 ,   46957 ,  1 , -3.89 ,  1.57 , -0.53 , 4.23 ,  499 ,  7.485 , 0.0176 , 0.068
     39228 , 0 ,      39228 ,   39228 ,  1 ,  2.03 ,  4.11 ,  0.53 , 4.61 ,  258 ,  7.481 , 0.0176 , 0.068
   4320422 , 0 ,    4320422 ,   39600 ,  1 ,  2.94 ,  7.68 ,  0.76 , 8.26 ,  493 ,  7.466 , 0.0174 , 0.068
    166152 , 0 ,     166152 ,  166152 ,  1 , -5.36 ,  2.40 , -0.84 , 5.93 ,  362 ,  7.458 , 0.0172 , 0.068
   2576103 , 0 ,    2576103 ,       0 ,  1 ,  2.67 ,  4.54 ,  1.88 , 5.59 ,  379 ,  7.447 , 0.0170 , 0.068
   2815820 , 0 ,    2815820 ,   46957 ,  1 , -2.63 ,  1.22 , -0.34 , 2.92 , 9999 ,  7.443 , 0.0168 , 0.067
     44681 , 0 ,      44681 ,   44681 ,  1 , -5.18 ,  5.09 , -0.51 , 7.28 ,  625 ,  7.436 , 0.0168 , 0.067
     49452 , 0 ,      49452 ,   49452 ,  1 ,  0.34 ,  3.02 ,  1.17 , 3.26 ,  293 ,  7.418 , 0.0164 , 0.067
     86806 , 0 ,      86806 ,   86806 ,  1 ,  6.55 , -3.48 , -2.10 , 7.71 ,  627 ,  7.406 , 0.0162 , 0.067
     40750 , 0 ,      40750 ,       0 ,  1 ,  2.70 ,  5.42 ,  0.89 , 6.12 ,  406 ,  7.406 , 0.0162 , 0.067
     35878 , 0 ,      35878 ,   35878 ,  1 ,  1.20 ,  2.97 , -0.12 , 3.21 ,  281 ,  7.402 , 0.0160 , 0.066
     37050 , 0 ,      37050 ,   37050 ,  1 ,  0.69 ,  2.56 , -0.10 , 2.65 ,  264 ,  7.398 , 0.0160 , 0.066
     86643 , 0 ,      86643 ,       0 ,  1 ,  3.88 ,  2.78 ,  0.63 , 4.81 ,  241 ,  7.398 , 0.0160 , 0.066
    626659 , 0 ,     626659 ,   71866 ,  1 , -1.93 , -7.29 ,  0.74 , 7.58 ,  607 ,  7.391 , 0.0159 , 0.066
     42936 , 0 ,      42936 ,   42936 ,  1 , -4.66 ,  2.59 , -1.06 , 5.44 ,  367 ,  7.383 , 0.0157 , 0.066
   5067080 , 0 ,    5067080 ,       0 ,  1 ,  4.07 , -5.44 ,  4.17 , 7.97 ,  608 ,  7.355 , 0.0151 , 0.065
      1920 , 0 ,       1920 ,     930 ,  1 ,  0.34 , -6.53 , -0.09 , 6.54 ,  571 ,  7.343 , 0.0150 , 0.065
     37369 , 0 ,      37369 ,   37369 ,  1 , -4.26 ,  2.78 , -1.95 , 5.45 ,  367 ,  7.345 , 0.0150 , 0.065
    683190 , 0 ,     683190 ,  683190 ,  1 , -4.19 ,  2.83 , -2.41 , 5.60 ,  426 ,  7.328 , 0.0148 , 0.065
     86669 , 0 ,      86669 ,   86669 ,  1 ,  2.38 ,  6.88 , -5.80 , 9.31 ,  401 ,  7.330 , 0.0148 , 0.065
    166064 , 0 ,     166064 ,  166064 ,  1 ,  4.73 , -3.01 , -0.53 , 5.63 ,  399 ,  7.333 , 0.0148 , 0.065
     71538 , 0 ,      71538 ,   71538 ,  1 ,  0.52 , -0.72 ,  0.40 , 0.97 ,   52 ,  7.326 , 0.0148 , 0.065
   2807102 , 0 ,    2807102 , 2807102 ,  1 ,  5.08 , -1.16 ,  0.95 , 5.30 ,  330 ,  7.321 , 0.0146 , 0.064
   2543081 , 0 ,    2543081 , 2543081 ,  1 ,  4.51 ,  7.45 ,  0.84 , 8.75 ,  530 ,  7.316 , 0.0146 , 0.064
   4087020 , 0 ,    4087020 , 4087020 ,  1 ,  3.38 ,  5.74 , -5.23 , 8.47 ,  338 ,  7.288 , 0.0141 , 0.064
   2806961 , 0 ,    2806961 , 2806961 ,  1 ,  1.68 ,  6.55 , -6.80 , 9.59 ,  203 ,  7.276 , 0.0140 , 0.063
     39032 , 0 ,      39032 ,   39032 ,  1 , -2.80 ,  1.47 , -1.01 , 3.32 ,  336 ,  7.274 , 0.0138 , 0.063
    166095 , 0 ,     166095 ,   24930 ,  1 ,  4.33 ,  6.33 , -5.00 , 9.16 ,  434 ,  7.275 , 0.0138 , 0.063
     11211 , 0 ,      11211 ,   11211 ,  1 , -1.95 , -4.73 , -3.17 , 6.02 ,  467 ,  7.271 , 0.0138 , 0.063
     39316 , 0 ,      39316 ,   39228 ,  1 ,  1.83 ,  3.74 ,  0.48 , 4.19 ,  273 ,  7.236 , 0.0133 , 0.062
    166137 , 0 ,     166137 ,   40692 ,  1 ,  0.30 ,  5.98 ,  0.12 , 5.99 ,  464 ,  7.227 , 0.0132 , 0.062
   2807110 , 0 ,    2807110 , 2807110 ,  1 ,  4.31 , -1.63 , -1.31 , 4.79 ,  378 ,  7.233 , 0.0132 , 0.062
     38252 , 0 ,      38252 ,   38252 ,  1 , -4.44 ,  2.62 , -1.79 , 5.46 ,  357 ,  7.226 , 0.0132 , 0.062
      2544 , 0 ,       2544 ,    2544 ,  1 ,  6.37 , -2.91 ,  1.55 , 7.17 ,  504 ,  7.223 , 0.0130 , 0.062
    592761 , 0 ,     592761 ,  592761 ,  1 , -4.69 ,  1.95 , -0.19 , 5.08 ,  256 ,  7.204 , 0.0127 , 0.061
    166146 , 0 ,     166146 ,   43495 ,  1 ,  0.63 ,  4.29 ,  0.60 , 4.38 , 9999 ,  7.195 , 0.0126 , 0.061
     43129 , 0 ,      43129 ,   43129 ,  1 ,  0.48 ,  2.93 ,  0.40 , 3.00 ,  366 ,  7.186 , 0.0126 , 0.061
   1599237 , 0 ,    1599237 ,       0 ,  1 ,  1.98 ,  5.96 , -5.44 , 8.31 ,  337 ,  7.191 , 0.0126 , 0.061
     45506 , 0 ,      45506 ,   46039 ,  1 ,  1.44 ,  4.21 ,  1.08 , 4.58 ,  319 ,  7.194 , 0.0126 , 0.061
     69468 , 0 ,      69468 ,   69468 ,  1 , -0.53 , -2.05 ,  0.71 , 2.23 ,  134 ,  7.169 , 0.0123 , 0.061
     86635 , 0 ,      86635 ,   41066 ,  1 , -0.35 ,  6.31 , -0.01 , 6.32 ,  559 ,  7.153 , 0.0120 , 0.060
   3097727 , 0 ,    3097727 , 3097727 ,  1 ,  0.05 , -4.30 ,  0.02 , 4.30 , 9999 ,  7.139 , 0.0119 , 0.060
       621 , 0 ,        621 ,     621 ,  1 , -0.55 , -3.16 ,  0.02 , 3.21 ,  211 ,  7.125 , 0.0118 , 0.060
     36758 , 0 ,      36758 ,   36758 ,  1 ,  2.70 ,  3.71 ,  0.47 , 4.61 ,  215 ,  7.119 , 0.0116 , 0.060
     52125 , 0 ,      52125 ,   52125 ,  1 , -3.10 ,  0.53 ,  0.19 , 3.15 ,  400 ,  7.109 , 0.0115 , 0.059
     86644 , 0 ,      86644 ,   44182 ,  1 , -0.55 ,  5.94 ,  0.52 , 5.99 ,  547 ,  7.107 , 0.0115 , 0.059
     43978 , 0 ,      43978 ,   43978 ,  1 , -4.77 ,  3.48 , -0.77 , 5.95 ,  412 ,  7.102 , 0.0114 , 0.059
    166062 , 0 ,     166062 ,    6595 ,  1 ,  5.82 , -3.92 , -0.42 , 7.03 ,  622 ,  7.086 , 0.0112 , 0.059
   5072711 , 0 ,    5072711 , 5072711 ,  1 ,  5.52 , -6.87 , -0.42 , 8.82 ,  781 ,  7.083 , 0.0111 , 0.059
    166135 , 0 ,     166135 ,  166135 ,  1 ,  1.13 ,  7.90 ,  0.31 , 7.99 ,  582 ,  7.077 , 0.0111 , 0.059
   1726175 , 0 ,    1726175 , 1726175 ,  1 , -0.36 ,  5.11 ,  1.36 , 5.30 ,  368 ,  7.081 , 0.0111 , 0.059
     86668 , 0 ,      86668 ,   86668 ,  1 ,  2.36 ,  6.09 , -5.96 , 8.84 ,  380 ,  7.045 , 0.0106 , 0.058
   5060076 , 0 ,    5060076 , 5060076 ,  1 ,  2.35 ,  3.71 , -8.54 , 9.60 ,  206 ,  7.037 , 0.0106 , 0.058
     50961 , 0 ,      50961 ,   50961 ,  1 , -0.29 ,  2.08 ,  0.95 , 2.30 ,  183 ,  7.035 , 0.0106 , 0.058
    166065 , 0 ,     166065 ,    7671 ,  1 ,  4.27 , -2.59 , -0.53 , 5.02 ,  354 ,  7.033 , 0.0105 , 0.058
   3097691 , 0 ,    3097691 ,    2557 ,  1 ,  0.19 , -0.77 ,  0.05 , 0.79 ,   17 ,  7.027 , 0.0105 , 0.058
    166163 , 0 ,     166163 ,   48082 ,  1 , -4.78 ,  2.94 , -0.27 , 5.62 ,  346 ,  7.011 , 0.0102 , 0.057
   3097113 , 0 ,    3097113 ,   46957 ,  1 , -5.54 ,  1.49 , -0.22 , 5.74 ,  287 ,  6.990 , 0.0100 , 0.057
     26142 , 0 ,      26142 ,   26142 ,  1 ,  0.89 ,  0.98 , -0.35 , 1.37 ,   49 ,  6.985 , 0.0100 , 0.057
    166063 , 0 ,     166063 ,    6595 ,  1 ,  7.13 , -4.86 , -0.61 , 8.65 ,  563 ,  6.986 , 0.0100 , 0.057
   3994669 , 0 ,    3994669 ,   39573 ,  1 , -3.25 , -0.78 , -0.94 , 3.47 ,  143 ,  6.993 , 0.0100 , 0.057
     23344 , 0 ,      23344 ,   23344 ,  1 , -2.30 , -1.05 , -0.93 , 2.69 ,   58 ,  6.975 , 0.0098 , 0.056
     23521 , 0 ,      23521 ,   23324 ,  1 ,  2.85 ,  1.89 , -0.11 , 3.42 ,  286 ,  6.940 , 0.0094 , 0.056
   4343356 , 0 ,    4343356 ,       0 ,  1 , -0.56 ,  6.43 ,  0.52 , 6.48 ,  504 ,  6.934 , 0.0093 , 0.055
   5060050 , 0 ,    5060050 , 5060050 ,  1 ,  2.36 ,  2.69 , -6.84 , 7.72 ,  227 ,  6.927 , 0.0093 , 0.055
   2807103 , 0 ,    2807103 , 2807103 ,  1 ,  3.30 , -0.64 ,  0.38 , 3.38 ,  318 ,  6.890 , 0.0089 , 0.055
     95597 , 0 ,      95597 ,   95597 ,  1 ,  3.04 ,  1.49 ,  0.35 , 3.40 ,  228 ,  6.895 , 0.0089 , 0.055
     44055 , 0 ,      44055 ,   44182 ,  1 , -0.66 ,  4.76 ,  0.44 , 4.83 ,  375 ,  6.880 , 0.0088 , 0.054
      1038 , 0 ,       1038 ,    1038 ,  1 , -0.24 , -1.92 , -0.01 , 1.93 ,  161 ,  6.883 , 0.0088 , 0.054
   5072715 , 0 ,    5072715 , 5072715 ,  1 ,  1.48 , -0.20 , -2.44 , 2.86 ,  557 ,  6.865 , 0.0086 , 0.054
   4614882 , 0 ,    4614882 , 4614882 ,  1 , -5.19 ,  2.27 ,  0.05 , 5.66 ,  357 ,  6.858 , 0.0086 , 0.054
     28868 , 0 ,      28868 ,   28868 ,  1 ,  0.23 ,  0.63 , -0.32 , 0.74 ,  -22 ,  6.850 , 0.0085 , 0.054
    166159 , 0 ,     166159 ,   46153 ,  1 ,  1.93 ,  7.82 ,  1.99 , 8.30 ,  444 ,  6.830 , 0.0083 , 0.053
     44491 , 0 ,      44491 ,   44491 ,  1 , -0.49 ,  2.13 ,  0.18 , 2.19 ,  148 ,  6.833 , 0.0083 , 0.053
     42275 , 0 ,      42275 ,   42275 ,  1 ,  0.42 ,  3.86 ,  0.35 , 3.90 ,  322 ,  6.814 , 0.0081 , 0.053
   5057055 , 0 ,    5057055 , 5057055 ,  1 ,  5.02 , -3.41 , -0.28 , 6.08 ,  475 ,  6.798 , 0.0080 , 0.053
     65367 , 0 ,      65367 ,   65367 ,  1 , -0.19 , -0.60 ,  0.75 , 0.98 ,   -2 ,  6.774 , 0.0078 , 0.052
   5056993 , 0 ,    5056993 ,   43495 ,  1 ,  1.19 ,  4.62 ,  0.70 , 4.82 ,  460 ,  6.758 , 0.0077 , 0.052
   4074723 , 0 ,    4074723 ,       0 ,  1 ,  2.62 ,  7.06 ,  1.20 , 7.63 ,  314 ,  6.757 , 0.0077 , 0.052
    677373 , 0 ,     677373 ,   48082 ,  1 , -3.99 ,  2.19 , -0.01 , 4.55 ,  370 ,  6.708 , 0.0072 , 0.051
   2801026 , 0 ,    2801026 , 2801026 ,  1 ,  0.81 ,  1.21 ,  1.24 , 1.91 ,  139 ,  6.714 , 0.0072 , 0.051
   2807114 , 0 ,    2807114 ,   13826 ,  1 ,  2.97 ,  0.70 ,  0.18 , 3.06 ,  262 ,  6.643 , 0.0067 , 0.050
     69519 , 0 ,      69519 ,   69519 ,  1 , -0.62 , -0.68 , -0.01 , 0.92 ,   56 ,  6.640 , 0.0067 , 0.050
   2807157 , 0 ,    2807157 , 2807157 ,  1 ,  2.11 , -1.11 ,  1.02 , 2.59 ,  151 ,  6.619 , 0.0065 , 0.049
   5056931 , 0 ,    5056931 ,   28630 ,  1 ,  2.36 ,  1.90 ,  0.01 , 3.03 , 9999 ,  6.595 , 0.0063 , 0.049
     63287 , 0 ,      63287 ,   63287 ,  1 , -0.46 , -0.40 ,  0.89 , 1.08 ,   10 ,  6.539 , 0.0060 , 0.048
    166130 , 0 ,     166130 ,       0 ,  1 ,  2.83 ,  4.60 ,  0.83 , 5.46 ,  342 ,  6.506 , 0.0058 , 0.047
   2807150 , 0 ,    2807150 , 2807150 ,  1 , -1.12 ,  2.25 ,  0.70 , 2.61 ,  217 ,  6.505 , 0.0058 , 0.047
   5072710 , 0 ,    5072710 , 5072710 ,  1 ,  2.95 , -4.32 ,  1.16 , 5.36 ,  436 ,  6.490 , 0.0056 , 0.047
   5808780 , 0 ,    5808780 ,       0 ,  1 , -0.30 ,  6.87 ,  0.09 , 6.88 ,  585 ,  6.467 , 0.0055 , 0.046
   5056918 , 0 ,    5056918 , 5056918 ,  1 ,  1.15 , -0.43 ,  0.45 , 1.31 ,  -41 ,  6.427 , 0.0052 , 0.046
   6726347 , 0 ,    6726347 ,       0 ,  1 ,  2.95 ,  5.16 ,  0.42 , 5.96 ,  424 ,  6.422 , 0.0052 , 0.046
   5059815 , 0 ,    5059815 , 5059815 ,  1 ,  3.74 , -4.69 ,  1.66 , 6.22 ,  479 ,  6.381 , 0.0050 , 0.045
      9140 , 0 ,       9140 ,    9140 ,  1 , -1.36 , -1.26 , -0.72 , 1.99 ,   99 ,  6.310 , 0.0046 , 0.044
    166185 , 0 ,     166185 ,  166185 ,  1 ,  0.19 ,  2.01 ,  0.88 , 2.20 ,  140 ,  6.157 , 0.0038 , 0.041
   5065058 , 0 ,    5065058 , 5065058 ,  1 ,  0.14 ,  1.52 , -0.84 , 1.74 ,  152 ,  5.993 , 0.0037 , 0.041
      6830 , 0 ,       6830 ,    6830 ,  1 , -0.11 , -0.40 , -0.16 , 0.44 , -158 ,  6.079 , 0.0035 , 0.040
   4713564 , 0 ,    4713564 , 4713564 ,  1 ,  0.07 ,  0.32 , -0.26 , 0.42 ,  -82 ,  4.958 , 0.0023 , 0.035
   5072714 , 0 ,    5072714 , 5072714 ,  1 ,  5.44 , -4.57 , -3.27 , 7.82 ,  621 ,  4.698 , 0.0007 , 0.024
